,0
0,【IT/Web・通信・インターネット系✖️ソフトウェア/パッケージベンダ】
1,エアーウェーブシステム 株式会社
2,ＫＮ情報システム 株式会社
3,ルート情報開発 株式会社
4,株式会社 gotton
5,株式会社 アイオーアーキテクト
6,バリューアークコンサルティング 株式会社
7,株式会社 モキシモ
8,株式会社 BAISOKU
9,株式会社 わ
10,株式会社 アクアードコンサルティング
11,【IT/Web・通信・インターネット系✖️ソフトウェア/パッケージベンダ】
12,エアーウェーブシステム 株式会社
13,ＫＮ情報システム 株式会社
14,ルート情報開発 株式会社
15,株式会社 gotton
16,株式会社 アイオーアーキテクト
17,バリューアークコンサルティング 株式会社
18,株式会社 モキシモ
19,株式会社 BAISOKU
20,株式会社 わ
21,株式会社 アクアードコンサルティング
22,【IT/Web・通信・インターネット系✖️ソフトウェア/パッケージベンダ】
23,エアーウェーブシステム 株式会社
24,ＫＮ情報システム 株式会社
25,ルート情報開発 株式会社
26,株式会社 gotton
27,株式会社 アイオーアーキテクト
28,バリューアークコンサルティング 株式会社
29,株式会社 モキシモ
30,株式会社 BAISOKU
31,株式会社 わ
32,株式会社 アクアードコンサルティング
33,【IT/Web・通信・インターネット系✖️ソフトウェア/パッケージベンダ】
34,エアーウェーブシステム 株式会社
35,ＫＮ情報システム 株式会社
36,ルート情報開発 株式会社
37,株式会社 gotton
38,株式会社 アイオーアーキテクト
39,バリューアークコンサルティング 株式会社
40,株式会社 モキシモ
41,株式会社 BAISOKU
42,株式会社 わ
43,株式会社 アクアードコンサルティング
44,【IT/Web・通信・インターネット系✖️ソフトウェア/パッケージベンダ】
45,エアーウェーブシステム 株式会社
46,ＫＮ情報システム 株式会社
47,ルート情報開発 株式会社
48,株式会社 gotton
49,株式会社 アイオーアーキテクト
50,バリューアークコンサルティング 株式会社
51,株式会社 モキシモ
52,株式会社 BAISOKU
53,株式会社 わ
54,株式会社 アクアードコンサルティング
55,【IT/Web・通信・インターネット系✖️ソフトウェア/パッケージベンダ】
56,エアーウェーブシステム 株式会社
57,ＫＮ情報システム 株式会社
58,ルート情報開発 株式会社
59,株式会社 gotton
60,株式会社 アイオーアーキテクト
61,バリューアークコンサルティング 株式会社
62,株式会社 モキシモ
63,株式会社 BAISOKU
64,株式会社 わ
65,株式会社 アクアードコンサルティング
66,【IT/Web・通信・インターネット系✖️ソフトウェア/パッケージベンダ】
67,エアーウェーブシステム 株式会社
68,ＫＮ情報システム 株式会社
69,ルート情報開発 株式会社
70,株式会社 gotton
71,株式会社 アイオーアーキテクト
72,バリューアークコンサルティング 株式会社
73,株式会社 モキシモ
74,株式会社 BAISOKU
75,株式会社 わ
76,株式会社 アクアードコンサルティング
77,【IT/Web・通信・インターネット系✖️ソフトウェア/パッケージベンダ】
78,エアーウェーブシステム 株式会社
79,ＫＮ情報システム 株式会社
80,ルート情報開発 株式会社
81,株式会社 gotton
82,株式会社 アイオーアーキテクト
83,バリューアークコンサルティング 株式会社
84,株式会社 モキシモ
85,株式会社 BAISOKU
86,株式会社 わ
87,株式会社 アクアードコンサルティング
88,【IT/Web・通信・インターネット系✖️ソフトウェア/パッケージベンダ】
89,エアーウェーブシステム 株式会社
90,ＫＮ情報システム 株式会社
91,ルート情報開発 株式会社
92,株式会社 gotton
93,株式会社 アイオーアーキテクト
94,バリューアークコンサルティング 株式会社
95,株式会社 モキシモ
96,株式会社 BAISOKU
97,株式会社 わ
98,株式会社 アクアードコンサルティング
99,【IT/Web・通信・インターネット系✖️ソフトウェア/パッケージベンダ】
100,エアーウェーブシステム 株式会社
101,ＫＮ情報システム 株式会社
102,ルート情報開発 株式会社
103,株式会社 gotton
104,株式会社 アイオーアーキテクト
105,バリューアークコンサルティング 株式会社
106,株式会社 モキシモ
107,株式会社 BAISOKU
108,株式会社 わ
109,株式会社 アクアードコンサルティング
110,【IT/Web・通信・インターネット系✖️ソフトウェア/パッケージベンダ】
111,エアーウェーブシステム 株式会社
112,ＫＮ情報システム 株式会社
113,ルート情報開発 株式会社
114,株式会社 gotton
115,株式会社 アイオーアーキテクト
116,バリューアークコンサルティング 株式会社
117,株式会社 モキシモ
118,株式会社 BAISOKU
119,株式会社 わ
120,株式会社 アクアードコンサルティング
121,【IT/Web・通信・インターネット系✖️ソフトウェア/パッケージベンダ】
122,エアーウェーブシステム 株式会社
123,ＫＮ情報システム 株式会社
124,ルート情報開発 株式会社
125,株式会社 gotton
126,株式会社 アイオーアーキテクト
127,バリューアークコンサルティング 株式会社
128,株式会社 モキシモ
129,株式会社 BAISOKU
130,株式会社 わ
131,株式会社 アクアードコンサルティング
132,【IT/Web・通信・インターネット系✖️ソフトウェア/パッケージベンダ】
133,エアーウェーブシステム 株式会社
134,ＫＮ情報システム 株式会社
135,ルート情報開発 株式会社
136,株式会社 gotton
137,株式会社 アイオーアーキテクト
138,バリューアークコンサルティング 株式会社
139,株式会社 モキシモ
140,株式会社 BAISOKU
141,株式会社 わ
142,株式会社 アクアードコンサルティング
143,【IT/Web・通信・インターネット系✖️ソフトウェア/パッケージベンダ】
144,エアーウェーブシステム 株式会社
145,ＫＮ情報システム 株式会社
146,ルート情報開発 株式会社
147,株式会社 gotton
148,株式会社 アイオーアーキテクト
149,バリューアークコンサルティング 株式会社
150,株式会社 モキシモ
151,株式会社 BAISOKU
152,株式会社 わ
153,株式会社 アクアードコンサルティング
154,【IT/Web・通信・インターネット系✖️ソフトウェア/パッケージベンダ】
155,エアーウェーブシステム 株式会社
156,ＫＮ情報システム 株式会社
157,ルート情報開発 株式会社
158,株式会社 gotton
159,株式会社 アイオーアーキテクト
160,バリューアークコンサルティング 株式会社
161,株式会社 モキシモ
162,株式会社 BAISOKU
163,株式会社 わ
164,株式会社 アクアードコンサルティング
165,【IT/Web・通信・インターネット系✖️ソフトウェア/パッケージベンダ】
166,エアーウェーブシステム 株式会社
167,ＫＮ情報システム 株式会社
168,ルート情報開発 株式会社
169,株式会社 gotton
170,株式会社 アイオーアーキテクト
171,バリューアークコンサルティング 株式会社
172,株式会社 モキシモ
173,株式会社 BAISOKU
174,株式会社 わ
175,株式会社 アクアードコンサルティング
176,【IT/Web・通信・インターネット系✖️ソフトウェア/パッケージベンダ】
177,エアーウェーブシステム 株式会社
178,ＫＮ情報システム 株式会社
179,ルート情報開発 株式会社
180,株式会社 gotton
181,株式会社 アイオーアーキテクト
182,バリューアークコンサルティング 株式会社
183,株式会社 モキシモ
184,株式会社 BAISOKU
185,株式会社 わ
186,株式会社 アクアードコンサルティング
187,【IT/Web・通信・インターネット系✖️ソフトウェア/パッケージベンダ】
188,エアーウェーブシステム 株式会社
189,ＫＮ情報システム 株式会社
190,ルート情報開発 株式会社
191,株式会社 gotton
192,株式会社 アイオーアーキテクト
193,バリューアークコンサルティング 株式会社
194,株式会社 モキシモ
195,株式会社 BAISOKU
196,株式会社 わ
197,株式会社 アクアードコンサルティング
198,【IT/Web・通信・インターネット系✖️ソフトウェア/パッケージベンダ】
199,エアーウェーブシステム 株式会社
200,ＫＮ情報システム 株式会社
201,ルート情報開発 株式会社
202,株式会社 gotton
203,株式会社 アイオーアーキテクト
204,バリューアークコンサルティング 株式会社
205,株式会社 モキシモ
206,株式会社 BAISOKU
207,株式会社 わ
208,株式会社 アクアードコンサルティング
209,【IT/Web・通信・インターネット系✖️ソフトウェア/パッケージベンダ】
210,エアーウェーブシステム 株式会社
211,ＫＮ情報システム 株式会社
212,ルート情報開発 株式会社
213,株式会社 gotton
214,株式会社 アイオーアーキテクト
215,バリューアークコンサルティング 株式会社
216,株式会社 モキシモ
217,株式会社 BAISOKU
218,株式会社 わ
219,株式会社 アクアードコンサルティング
220,【IT/Web・通信・インターネット系✖️ソフトウェア/パッケージベンダ】
221,エアーウェーブシステム 株式会社
222,ＫＮ情報システム 株式会社
223,ルート情報開発 株式会社
224,株式会社 gotton
225,株式会社 アイオーアーキテクト
226,バリューアークコンサルティング 株式会社
227,株式会社 モキシモ
228,株式会社 BAISOKU
229,株式会社 わ
230,株式会社 アクアードコンサルティング
231,【IT/Web・通信・インターネット系✖️ソフトウェア/パッケージベンダ】
232,エアーウェーブシステム 株式会社
233,ＫＮ情報システム 株式会社
234,ルート情報開発 株式会社
235,株式会社 gotton
236,株式会社 アイオーアーキテクト
237,バリューアークコンサルティング 株式会社
238,株式会社 モキシモ
239,株式会社 BAISOKU
240,株式会社 わ
241,株式会社 アクアードコンサルティング
242,【IT/Web・通信・インターネット系✖️ソフトウェア/パッケージベンダ】
243,エアーウェーブシステム 株式会社
244,ＫＮ情報システム 株式会社
245,ルート情報開発 株式会社
246,株式会社 gotton
247,株式会社 アイオーアーキテクト
248,バリューアークコンサルティング 株式会社
249,株式会社 モキシモ
250,株式会社 BAISOKU
251,株式会社 わ
252,株式会社 アクアードコンサルティング
253,【IT/Web・通信・インターネット系✖️ソフトウェア/パッケージベンダ】
254,エアーウェーブシステム 株式会社
255,ＫＮ情報システム 株式会社
256,ルート情報開発 株式会社
257,株式会社 gotton
258,株式会社 アイオーアーキテクト
259,バリューアークコンサルティング 株式会社
260,株式会社 モキシモ
261,株式会社 BAISOKU
262,株式会社 わ
263,株式会社 アクアードコンサルティング
264,【IT/Web・通信・インターネット系✖️ソフトウェア/パッケージベンダ】
265,エアーウェーブシステム 株式会社
266,ＫＮ情報システム 株式会社
267,ルート情報開発 株式会社
268,株式会社 gotton
269,株式会社 アイオーアーキテクト
270,バリューアークコンサルティング 株式会社
271,株式会社 モキシモ
272,株式会社 BAISOKU
273,株式会社 わ
274,株式会社 アクアードコンサルティング
275,【IT/Web・通信・インターネット系✖️ソフトウェア/パッケージベンダ】
276,エアーウェーブシステム 株式会社
277,ＫＮ情報システム 株式会社
278,ルート情報開発 株式会社
279,株式会社 gotton
280,株式会社 アイオーアーキテクト
281,バリューアークコンサルティング 株式会社
282,株式会社 モキシモ
283,株式会社 BAISOKU
284,株式会社 わ
285,株式会社 アクアードコンサルティング
286,【IT/Web・通信・インターネット系✖️ソフトウェア/パッケージベンダ】
287,エアーウェーブシステム 株式会社
288,ＫＮ情報システム 株式会社
289,ルート情報開発 株式会社
290,株式会社 gotton
291,株式会社 アイオーアーキテクト
292,バリューアークコンサルティング 株式会社
293,株式会社 モキシモ
294,株式会社 BAISOKU
295,株式会社 わ
296,株式会社 アクアードコンサルティング
297,【IT/Web・通信・インターネット系✖️ソフトウェア/パッケージベンダ】
298,エアーウェーブシステム 株式会社
299,ＫＮ情報システム 株式会社
300,ルート情報開発 株式会社
301,株式会社 gotton
302,株式会社 アイオーアーキテクト
303,バリューアークコンサルティング 株式会社
304,株式会社 モキシモ
305,株式会社 BAISOKU
306,株式会社 わ
307,株式会社 アクアードコンサルティング
308,【IT/Web・通信・インターネット系✖️ソフトウェア/パッケージベンダ】
309,エアーウェーブシステム 株式会社
310,ＫＮ情報システム 株式会社
311,ルート情報開発 株式会社
312,株式会社 gotton
313,株式会社 アイオーアーキテクト
314,バリューアークコンサルティング 株式会社
315,株式会社 モキシモ
316,株式会社 BAISOKU
317,株式会社 わ
318,株式会社 アクアードコンサルティング
319,【IT/Web・通信・インターネット系✖️ソフトウェア/パッケージベンダ】
320,エアーウェーブシステム 株式会社
321,ＫＮ情報システム 株式会社
322,ルート情報開発 株式会社
323,株式会社 gotton
324,株式会社 アイオーアーキテクト
325,バリューアークコンサルティング 株式会社
326,株式会社 モキシモ
327,株式会社 BAISOKU
328,株式会社 わ
329,株式会社 アクアードコンサルティング
330,【IT/Web・通信・インターネット系✖️ソフトウェア/パッケージベンダ】
331,エアーウェーブシステム 株式会社
332,ＫＮ情報システム 株式会社
333,ルート情報開発 株式会社
334,株式会社 gotton
335,株式会社 アイオーアーキテクト
336,バリューアークコンサルティング 株式会社
337,株式会社 モキシモ
338,株式会社 BAISOKU
339,株式会社 わ
340,株式会社 アクアードコンサルティング
341,【IT/Web・通信・インターネット系✖️ソフトウェア/パッケージベンダ】
342,エアーウェーブシステム 株式会社
343,ＫＮ情報システム 株式会社
344,ルート情報開発 株式会社
345,株式会社 gotton
346,株式会社 アイオーアーキテクト
347,バリューアークコンサルティング 株式会社
348,株式会社 モキシモ
349,株式会社 BAISOKU
350,株式会社 わ
351,株式会社 アクアードコンサルティング
352,【IT/Web・通信・インターネット系✖️ソフトウェア/パッケージベンダ】
353,エアーウェーブシステム 株式会社
354,ＫＮ情報システム 株式会社
355,ルート情報開発 株式会社
356,株式会社 gotton
357,株式会社 アイオーアーキテクト
358,バリューアークコンサルティング 株式会社
359,株式会社 モキシモ
360,株式会社 BAISOKU
361,株式会社 わ
362,株式会社 アクアードコンサルティング
363,【IT/Web・通信・インターネット系✖️ソフトウェア/パッケージベンダ】
364,エアーウェーブシステム 株式会社
365,ＫＮ情報システム 株式会社
366,ルート情報開発 株式会社
367,株式会社 gotton
368,株式会社 アイオーアーキテクト
369,バリューアークコンサルティング 株式会社
370,株式会社 モキシモ
371,株式会社 BAISOKU
372,株式会社 わ
373,株式会社 アクアードコンサルティング
374,【IT/Web・通信・インターネット系✖️ソフトウェア/パッケージベンダ】
375,エアーウェーブシステム 株式会社
376,ＫＮ情報システム 株式会社
377,ルート情報開発 株式会社
378,株式会社 gotton
379,株式会社 アイオーアーキテクト
380,バリューアークコンサルティング 株式会社
381,株式会社 モキシモ
382,株式会社 BAISOKU
383,株式会社 わ
384,株式会社 アクアードコンサルティング
385,【IT/Web・通信・インターネット系✖️ソフトウェア/パッケージベンダ】
386,エアーウェーブシステム 株式会社
387,ＫＮ情報システム 株式会社
388,ルート情報開発 株式会社
389,株式会社 gotton
390,株式会社 アイオーアーキテクト
391,バリューアークコンサルティング 株式会社
392,株式会社 モキシモ
393,株式会社 BAISOKU
394,株式会社 わ
395,株式会社 アクアードコンサルティング
396,【IT/Web・通信・インターネット系✖️ソフトウェア/パッケージベンダ】
397,エアーウェーブシステム 株式会社
398,ＫＮ情報システム 株式会社
399,ルート情報開発 株式会社
400,株式会社 gotton
401,株式会社 アイオーアーキテクト
402,バリューアークコンサルティング 株式会社
403,株式会社 モキシモ
404,株式会社 BAISOKU
405,株式会社 わ
406,株式会社 アクアードコンサルティング
407,【IT/Web・通信・インターネット系✖️ソフトウェア/パッケージベンダ】
408,エアーウェーブシステム 株式会社
409,ＫＮ情報システム 株式会社
410,ルート情報開発 株式会社
411,株式会社 gotton
412,株式会社 アイオーアーキテクト
413,バリューアークコンサルティング 株式会社
414,株式会社 モキシモ
415,株式会社 BAISOKU
416,株式会社 わ
417,株式会社 アクアードコンサルティング
418,【IT/Web・通信・インターネット系✖️ソフトウェア/パッケージベンダ】
419,エアーウェーブシステム 株式会社
420,ＫＮ情報システム 株式会社
421,ルート情報開発 株式会社
422,株式会社 gotton
423,株式会社 アイオーアーキテクト
424,バリューアークコンサルティング 株式会社
425,株式会社 モキシモ
426,株式会社 BAISOKU
427,株式会社 わ
428,株式会社 アクアードコンサルティング
429,【IT/Web・通信・インターネット系✖️ソフトウェア/パッケージベンダ】
430,エアーウェーブシステム 株式会社
431,ＫＮ情報システム 株式会社
432,ルート情報開発 株式会社
433,株式会社 gotton
434,株式会社 アイオーアーキテクト
435,バリューアークコンサルティング 株式会社
436,株式会社 モキシモ
437,株式会社 BAISOKU
438,株式会社 わ
439,株式会社 アクアードコンサルティング
440,【IT/Web・通信・インターネット系✖️ソフトウェア/パッケージベンダ】
441,エアーウェーブシステム 株式会社
442,ＫＮ情報システム 株式会社
443,ルート情報開発 株式会社
444,株式会社 gotton
445,株式会社 アイオーアーキテクト
446,バリューアークコンサルティング 株式会社
447,株式会社 モキシモ
448,株式会社 BAISOKU
449,株式会社 わ
450,株式会社 アクアードコンサルティング
451,【IT/Web・通信・インターネット系✖️ソフトウェア/パッケージベンダ】
452,エアーウェーブシステム 株式会社
453,ＫＮ情報システム 株式会社
454,ルート情報開発 株式会社
455,株式会社 gotton
456,株式会社 アイオーアーキテクト
457,バリューアークコンサルティング 株式会社
458,株式会社 モキシモ
459,株式会社 BAISOKU
460,株式会社 わ
461,株式会社 アクアードコンサルティング
462,【IT/Web・通信・インターネット系✖️ソフトウェア/パッケージベンダ】
463,エアーウェーブシステム 株式会社
464,ＫＮ情報システム 株式会社
465,ルート情報開発 株式会社
466,株式会社 gotton
467,株式会社 アイオーアーキテクト
468,バリューアークコンサルティング 株式会社
469,株式会社 モキシモ
470,株式会社 BAISOKU
471,株式会社 わ
472,株式会社 アクアードコンサルティング
473,【IT/Web・通信・インターネット系✖️ソフトウェア/パッケージベンダ】
474,エアーウェーブシステム 株式会社
475,ＫＮ情報システム 株式会社
476,ルート情報開発 株式会社
477,株式会社 gotton
478,株式会社 アイオーアーキテクト
479,バリューアークコンサルティング 株式会社
480,株式会社 モキシモ
481,株式会社 BAISOKU
482,株式会社 わ
483,株式会社 アクアードコンサルティング
484,【IT/Web・通信・インターネット系✖️ソフトウェア/パッケージベンダ】
485,エアーウェーブシステム 株式会社
486,ＫＮ情報システム 株式会社
487,ルート情報開発 株式会社
488,株式会社 gotton
489,株式会社 アイオーアーキテクト
490,バリューアークコンサルティング 株式会社
491,株式会社 モキシモ
492,株式会社 BAISOKU
493,株式会社 わ
494,株式会社 アクアードコンサルティング
495,【IT/Web・通信・インターネット系✖️ソフトウェア/パッケージベンダ】
496,エアーウェーブシステム 株式会社
497,ＫＮ情報システム 株式会社
498,ルート情報開発 株式会社
499,株式会社 gotton
500,株式会社 アイオーアーキテクト
501,バリューアークコンサルティング 株式会社
502,株式会社 モキシモ
503,株式会社 BAISOKU
504,株式会社 わ
505,株式会社 アクアードコンサルティング
506,【IT/Web・通信・インターネット系✖️ソフトウェア/パッケージベンダ】
507,エアーウェーブシステム 株式会社
508,ＫＮ情報システム 株式会社
509,ルート情報開発 株式会社
510,株式会社 gotton
511,株式会社 アイオーアーキテクト
512,バリューアークコンサルティング 株式会社
513,株式会社 モキシモ
514,株式会社 BAISOKU
515,株式会社 わ
516,株式会社 アクアードコンサルティング
517,【IT/Web・通信・インターネット系✖️ソフトウェア/パッケージベンダ】
518,エアーウェーブシステム 株式会社
519,ＫＮ情報システム 株式会社
520,ルート情報開発 株式会社
521,株式会社 gotton
522,株式会社 アイオーアーキテクト
523,バリューアークコンサルティング 株式会社
524,株式会社 モキシモ
525,株式会社 BAISOKU
526,株式会社 わ
527,株式会社 アクアードコンサルティング
528,【IT/Web・通信・インターネット系✖️ソフトウェア/パッケージベンダ】
529,エアーウェーブシステム 株式会社
530,ＫＮ情報システム 株式会社
531,ルート情報開発 株式会社
532,株式会社 gotton
533,株式会社 アイオーアーキテクト
534,バリューアークコンサルティング 株式会社
535,株式会社 モキシモ
536,株式会社 BAISOKU
537,株式会社 わ
538,株式会社 アクアードコンサルティング
539,【IT/Web・通信・インターネット系✖️ソフトウェア/パッケージベンダ】
540,エアーウェーブシステム 株式会社
541,ＫＮ情報システム 株式会社
542,ルート情報開発 株式会社
543,株式会社 gotton
544,株式会社 アイオーアーキテクト
545,バリューアークコンサルティング 株式会社
546,株式会社 モキシモ
547,株式会社 BAISOKU
548,株式会社 わ
549,株式会社 アクアードコンサルティング
550,【IT/Web・通信・インターネット系✖️ソフトウェア/パッケージベンダ】
551,エアーウェーブシステム 株式会社
552,ＫＮ情報システム 株式会社
553,ルート情報開発 株式会社
554,株式会社 gotton
555,株式会社 アイオーアーキテクト
556,バリューアークコンサルティング 株式会社
557,株式会社 モキシモ
558,株式会社 BAISOKU
559,株式会社 わ
560,株式会社 アクアードコンサルティング
561,【IT/Web・通信・インターネット系✖️ソフトウェア/パッケージベンダ】
562,エアーウェーブシステム 株式会社
563,ＫＮ情報システム 株式会社
564,ルート情報開発 株式会社
565,株式会社 gotton
566,株式会社 アイオーアーキテクト
567,バリューアークコンサルティング 株式会社
568,株式会社 モキシモ
569,株式会社 BAISOKU
570,株式会社 わ
571,株式会社 アクアードコンサルティング
572,【IT/Web・通信・インターネット系✖️ソフトウェア/パッケージベンダ】
573,エアーウェーブシステム 株式会社
574,ＫＮ情報システム 株式会社
575,ルート情報開発 株式会社
576,株式会社 gotton
577,株式会社 アイオーアーキテクト
578,バリューアークコンサルティング 株式会社
579,株式会社 モキシモ
580,株式会社 BAISOKU
581,株式会社 わ
582,株式会社 アクアードコンサルティング
583,【IT/Web・通信・インターネット系✖️ソフトウェア/パッケージベンダ】
584,エアーウェーブシステム 株式会社
585,ＫＮ情報システム 株式会社
586,ルート情報開発 株式会社
587,株式会社 gotton
588,株式会社 アイオーアーキテクト
589,バリューアークコンサルティング 株式会社
590,株式会社 モキシモ
591,株式会社 BAISOKU
592,株式会社 わ
593,株式会社 アクアードコンサルティング
594,【IT/Web・通信・インターネット系✖️ソフトウェア/パッケージベンダ】
595,エアーウェーブシステム 株式会社
596,ＫＮ情報システム 株式会社
597,ルート情報開発 株式会社
598,株式会社 gotton
599,株式会社 アイオーアーキテクト
600,バリューアークコンサルティング 株式会社
601,株式会社 モキシモ
602,株式会社 BAISOKU
603,株式会社 わ
604,株式会社 アクアードコンサルティング
605,【IT/Web・通信・インターネット系✖️モバイル/アプリサービス】
606,スタークス 株式会社
607,株式会社 FOWD
608,楽天 株式会社
609,【IT/Web・通信・インターネット系✖️モバイル/アプリサービス】
610,スタークス 株式会社
611,株式会社 FOWD
612,楽天 株式会社
613,【IT/Web・通信・インターネット系✖️モバイル/アプリサービス】
614,スタークス 株式会社
615,株式会社 FOWD
616,楽天 株式会社
617,【IT/Web・通信・インターネット系✖️モバイル/アプリサービス】
618,スタークス 株式会社
619,株式会社 FOWD
620,楽天 株式会社
621,【IT/Web・通信・インターネット系✖️モバイル/アプリサービス】
622,スタークス 株式会社
623,株式会社 FOWD
624,楽天 株式会社
625,【IT/Web・通信・インターネット系✖️モバイル/アプリサービス】
626,スタークス 株式会社
627,株式会社 FOWD
628,楽天 株式会社
629,【IT/Web・通信・インターネット系✖️モバイル/アプリサービス】
630,スタークス 株式会社
631,株式会社 FOWD
632,楽天 株式会社
633,【IT/Web・通信・インターネット系✖️モバイル/アプリサービス】
634,スタークス 株式会社
635,株式会社 FOWD
636,楽天 株式会社
637,【IT/Web・通信・インターネット系✖️モバイル/アプリサービス】
638,スタークス 株式会社
639,株式会社 FOWD
640,楽天 株式会社
641,【IT/Web・通信・インターネット系✖️モバイル/アプリサービス】
642,スタークス 株式会社
643,株式会社 FOWD
644,楽天 株式会社
645,【IT/Web・通信・インターネット系✖️モバイル/アプリサービス】
646,スタークス 株式会社
647,株式会社 FOWD
648,楽天 株式会社
649,【IT/Web・通信・インターネット系✖️モバイル/アプリサービス】
650,スタークス 株式会社
651,株式会社 FOWD
652,楽天 株式会社
653,【IT/Web・通信・インターネット系✖️モバイル/アプリサービス】
654,スタークス 株式会社
655,株式会社 FOWD
656,楽天 株式会社
657,【IT/Web・通信・インターネット系✖️モバイル/アプリサービス】
658,スタークス 株式会社
659,株式会社 FOWD
660,楽天 株式会社
661,【IT/Web・通信・インターネット系✖️モバイル/アプリサービス】
662,スタークス 株式会社
663,株式会社 FOWD
664,楽天 株式会社
665,【IT/Web・通信・インターネット系✖️モバイル/アプリサービス】
666,スタークス 株式会社
667,株式会社 FOWD
668,楽天 株式会社
669,【IT/Web・通信・インターネット系✖️モバイル/アプリサービス】
670,スタークス 株式会社
671,株式会社 FOWD
672,楽天 株式会社
673,【IT/Web・通信・インターネット系✖️モバイル/アプリサービス】
674,スタークス 株式会社
675,株式会社 FOWD
676,楽天 株式会社
677,【IT/Web・通信・インターネット系✖️モバイル/アプリサービス】
678,スタークス 株式会社
679,株式会社 FOWD
680,楽天 株式会社
681,【IT/Web・通信・インターネット系✖️モバイル/アプリサービス】
682,スタークス 株式会社
683,株式会社 FOWD
684,楽天 株式会社
685,【IT/Web・通信・インターネット系✖️モバイル/アプリサービス】
686,スタークス 株式会社
687,株式会社 FOWD
688,楽天 株式会社
689,【IT/Web・通信・インターネット系✖️モバイル/アプリサービス】
690,スタークス 株式会社
691,株式会社 FOWD
692,楽天 株式会社
693,【IT/Web・通信・インターネット系✖️モバイル/アプリサービス】
694,スタークス 株式会社
695,株式会社 FOWD
696,楽天 株式会社
697,【IT/Web・通信・インターネット系✖️モバイル/アプリサービス】
698,スタークス 株式会社
699,株式会社 FOWD
700,楽天 株式会社
701,【IT/Web・通信・インターネット系✖️モバイル/アプリサービス】
702,スタークス 株式会社
703,株式会社 FOWD
704,楽天 株式会社
705,【IT/Web・通信・インターネット系✖️モバイル/アプリサービス】
706,スタークス 株式会社
707,株式会社 FOWD
708,楽天 株式会社
709,【IT/Web・通信・インターネット系✖️モバイル/アプリサービス】
710,スタークス 株式会社
711,株式会社 FOWD
712,楽天 株式会社
713,【IT/Web・通信・インターネット系✖️モバイル/アプリサービス】
714,スタークス 株式会社
715,株式会社 FOWD
716,楽天 株式会社
717,【IT/Web・通信・インターネット系✖️モバイル/アプリサービス】
718,スタークス 株式会社
719,株式会社 FOWD
720,楽天 株式会社
721,【IT/Web・通信・インターネット系✖️モバイル/アプリサービス】
722,スタークス 株式会社
723,株式会社 FOWD
724,楽天 株式会社
725,【IT/Web・通信・インターネット系✖️モバイル/アプリサービス】
726,スタークス 株式会社
727,株式会社 FOWD
728,楽天 株式会社
729,【IT/Web・通信・インターネット系✖️モバイル/アプリサービス】
730,スタークス 株式会社
731,株式会社 FOWD
732,楽天 株式会社
733,【IT/Web・通信・インターネット系✖️モバイル/アプリサービス】
734,スタークス 株式会社
735,株式会社 FOWD
736,楽天 株式会社
737,【IT/Web・通信・インターネット系✖️モバイル/アプリサービス】
738,スタークス 株式会社
739,株式会社 FOWD
740,楽天 株式会社
741,【IT/Web・通信・インターネット系✖️モバイル/アプリサービス】
742,スタークス 株式会社
743,株式会社 FOWD
744,楽天 株式会社
745,【IT/Web・通信・インターネット系✖️モバイル/アプリサービス】
746,スタークス 株式会社
747,株式会社 FOWD
748,楽天 株式会社
749,【IT/Web・通信・インターネット系✖️モバイル/アプリサービス】
750,スタークス 株式会社
751,株式会社 FOWD
752,楽天 株式会社
753,【IT/Web・通信・インターネット系✖️モバイル/アプリサービス】
754,スタークス 株式会社
755,株式会社 FOWD
756,楽天 株式会社
757,【IT/Web・通信・インターネット系✖️モバイル/アプリサービス】
758,スタークス 株式会社
759,株式会社 FOWD
760,楽天 株式会社
761,【IT/Web・通信・インターネット系✖️モバイル/アプリサービス】
762,スタークス 株式会社
763,株式会社 FOWD
764,楽天 株式会社
765,【IT/Web・通信・インターネット系✖️モバイル/アプリサービス】
766,スタークス 株式会社
767,株式会社 FOWD
768,楽天 株式会社
769,【IT/Web・通信・インターネット系✖️モバイル/アプリサービス】
770,スタークス 株式会社
771,株式会社 FOWD
772,楽天 株式会社
773,【IT/Web・通信・インターネット系✖️モバイル/アプリサービス】
774,スタークス 株式会社
775,株式会社 FOWD
776,楽天 株式会社
777,【IT/Web・通信・インターネット系✖️モバイル/アプリサービス】
778,スタークス 株式会社
779,株式会社 FOWD
780,楽天 株式会社
781,【IT/Web・通信・インターネット系✖️モバイル/アプリサービス】
782,スタークス 株式会社
783,株式会社 FOWD
784,楽天 株式会社
785,【IT/Web・通信・インターネット系✖️モバイル/アプリサービス】
786,スタークス 株式会社
787,株式会社 FOWD
788,楽天 株式会社
789,【IT/Web・通信・インターネット系✖️モバイル/アプリサービス】
790,スタークス 株式会社
791,株式会社 FOWD
792,楽天 株式会社
793,【IT/Web・通信・インターネット系✖️モバイル/アプリサービス】
794,スタークス 株式会社
795,株式会社 FOWD
796,楽天 株式会社
797,【IT/Web・通信・インターネット系✖️モバイル/アプリサービス】
798,スタークス 株式会社
799,株式会社 FOWD
800,楽天 株式会社
801,【IT/Web・通信・インターネット系✖️モバイル/アプリサービス】
802,スタークス 株式会社
803,株式会社 FOWD
804,楽天 株式会社
805,【IT/Web・通信・インターネット系✖️モバイル/アプリサービス】
806,スタークス 株式会社
807,株式会社 FOWD
808,楽天 株式会社
809,【IT/Web・通信・インターネット系✖️モバイル/アプリサービス】
810,スタークス 株式会社
811,株式会社 FOWD
812,楽天 株式会社
813,【IT/Web・通信・インターネット系✖️IoT/M2M/ロボット】
814,株式会社 freecle
815,株式会社 unerry
816,ジェムアルト 株式会社
817,【IT/Web・通信・インターネット系✖️IoT/M2M/ロボット】
818,株式会社 freecle
819,株式会社 unerry
820,ジェムアルト 株式会社
821,【IT/Web・通信・インターネット系✖️IoT/M2M/ロボット】
822,株式会社 freecle
823,株式会社 unerry
824,ジェムアルト 株式会社
825,【IT/Web・通信・インターネット系✖️IoT/M2M/ロボット】
826,株式会社 freecle
827,株式会社 unerry
828,ジェムアルト 株式会社
829,【IT/Web・通信・インターネット系✖️IoT/M2M/ロボット】
830,株式会社 freecle
831,株式会社 unerry
832,ジェムアルト 株式会社
833,【IT/Web・通信・インターネット系✖️IoT/M2M/ロボット】
834,株式会社 freecle
835,株式会社 unerry
836,ジェムアルト 株式会社
837,【IT/Web・通信・インターネット系✖️IoT/M2M/ロボット】
838,株式会社 freecle
839,株式会社 unerry
840,ジェムアルト 株式会社
841,【IT/Web・通信・インターネット系✖️IoT/M2M/ロボット】
842,株式会社 freecle
843,株式会社 unerry
844,ジェムアルト 株式会社
845,【IT/Web・通信・インターネット系✖️IoT/M2M/ロボット】
846,株式会社 freecle
847,株式会社 unerry
848,ジェムアルト 株式会社
849,【IT/Web・通信・インターネット系✖️IoT/M2M/ロボット】
850,株式会社 freecle
851,株式会社 unerry
852,ジェムアルト 株式会社
853,【IT/Web・通信・インターネット系✖️IoT/M2M/ロボット】
854,株式会社 freecle
855,株式会社 unerry
856,ジェムアルト 株式会社
857,【AR/VR/MR】
858,バルス 株式会社
859,株式会社 LATEGRA
860,株式会社 ネクストスケープ
861,株式会社 ボーダー・アンド・ポーター
862,株式会社 ZIG
863,イグニス・イメージワークス 株式会社
864,株式会社 VRize
865,【AR/VR/MR】
866,バルス 株式会社
867,株式会社 LATEGRA
868,株式会社 ネクストスケープ
869,株式会社 ボーダー・アンド・ポーター
870,株式会社 ZIG
871,イグニス・イメージワークス 株式会社
872,株式会社 VRize
873,【AR/VR/MR】
874,バルス 株式会社
875,株式会社 LATEGRA
876,株式会社 ネクストスケープ
877,株式会社 ボーダー・アンド・ポーター
878,株式会社 ZIG
879,イグニス・イメージワークス 株式会社
880,株式会社 VRize
881,【AR/VR/MR】
882,バルス 株式会社
883,株式会社 LATEGRA
884,株式会社 ネクストスケープ
885,株式会社 ボーダー・アンド・ポーター
886,株式会社 ZIG
887,イグニス・イメージワークス 株式会社
888,株式会社 VRize
